[{"name":"AccountRequest","qualifiedName":"AccountRequest","href":"request_AccountRequest/request_AccountRequest-library.html","type":"library","overriddenDepth":0,"packageName":"testing_app"},{"name":"makeDeleteAccountRequest","qualifiedName":"AccountRequest.makeDeleteAccountRequest","href":"request_AccountRequest/makeDeleteAccountRequest.html","type":"function","overriddenDepth":0,"packageName":"testing_app","enclosedBy":{"name":"AccountRequest","type":"library"}},{"name":"makeEditPasswordRequest","qualifiedName":"AccountRequest.makeEditPasswordRequest","href":"request_AccountRequest/makeEditPasswordRequest.html","type":"function","overriddenDepth":0,"packageName":"testing_app","enclosedBy":{"name":"AccountRequest","type":"library"}},{"name":"makeEditPhoneNumberRequest","qualifiedName":"AccountRequest.makeEditPhoneNumberRequest","href":"request_AccountRequest/makeEditPhoneNumberRequest.html","type":"function","overriddenDepth":0,"packageName":"testing_app","enclosedBy":{"name":"AccountRequest","type":"library"}},{"name":"makeEditUserNameRequest","qualifiedName":"AccountRequest.makeEditUserNameRequest","href":"request_AccountRequest/makeEditUserNameRequest.html","type":"function","overriddenDepth":0,"packageName":"testing_app","enclosedBy":{"name":"AccountRequest","type":"library"}},{"name":"makeGetAccountRequest","qualifiedName":"AccountRequest.makeGetAccountRequest","href":"request_AccountRequest/makeGetAccountRequest.html","type":"function","overriddenDepth":0,"packageName":"testing_app","enclosedBy":{"name":"AccountRequest","type":"library"}},{"name":"Api","qualifiedName":"Api","href":"request_Api/request_Api-library.html","type":"library","overriddenDepth":0,"packageName":"testing_app"},{"name":"Api","qualifiedName":"Api.Api","href":"request_Api/Api-class.html","type":"class","overriddenDepth":0,"packageName":"testing_app","enclosedBy":{"name":"Api","type":"library"}},{"name":"ACCOUNT","qualifiedName":"Api.Api.ACCOUNT","href":"request_Api/Api/ACCOUNT-constant.html","type":"constant","overriddenDepth":0,"packageName":"testing_app","enclosedBy":{"name":"Api","type":"class"}},{"name":"Api","qualifiedName":"Api.Api.Api","href":"request_Api/Api/Api.html","type":"constructor","overriddenDepth":0,"packageName":"testing_app","enclosedBy":{"name":"Api","type":"class"}},{"name":"CHECKEMAIL","qualifiedName":"Api.Api.CHECKEMAIL","href":"request_Api/Api/CHECKEMAIL-constant.html","type":"constant","overriddenDepth":0,"packageName":"testing_app","enclosedBy":{"name":"Api","type":"class"}},{"name":"DELETEACCOUNT","qualifiedName":"Api.Api.DELETEACCOUNT","href":"request_Api/Api/DELETEACCOUNT-constant.html","type":"constant","overriddenDepth":0,"packageName":"testing_app","enclosedBy":{"name":"Api","type":"class"}},{"name":"DELETERECEIPT","qualifiedName":"Api.Api.DELETERECEIPT","href":"request_Api/Api/DELETERECEIPT-constant.html","type":"constant","overriddenDepth":0,"packageName":"testing_app","enclosedBy":{"name":"Api","type":"class"}},{"name":"LOGIN","qualifiedName":"Api.Api.LOGIN","href":"request_Api/Api/LOGIN-constant.html","type":"constant","overriddenDepth":0,"packageName":"testing_app","enclosedBy":{"name":"Api","type":"class"}},{"name":"MERCHANTS","qualifiedName":"Api.Api.MERCHANTS","href":"request_Api/Api/MERCHANTS-constant.html","type":"constant","overriddenDepth":0,"packageName":"testing_app","enclosedBy":{"name":"Api","type":"class"}},{"name":"RECEIPTS","qualifiedName":"Api.Api.RECEIPTS","href":"request_Api/Api/RECEIPTS-constant.html","type":"constant","overriddenDepth":0,"packageName":"testing_app","enclosedBy":{"name":"Api","type":"class"}},{"name":"REGISTER","qualifiedName":"Api.Api.REGISTER","href":"request_Api/Api/REGISTER-constant.html","type":"constant","overriddenDepth":0,"packageName":"testing_app","enclosedBy":{"name":"Api","type":"class"}},{"name":"REPORTS","qualifiedName":"Api.Api.REPORTS","href":"request_Api/Api/REPORTS-constant.html","type":"constant","overriddenDepth":0,"packageName":"testing_app","enclosedBy":{"name":"Api","type":"class"}},{"name":"ROOT","qualifiedName":"Api.Api.ROOT","href":"request_Api/Api/ROOT-constant.html","type":"constant","overriddenDepth":0,"packageName":"testing_app","enclosedBy":{"name":"Api","type":"class"}},{"name":"SIGNOUT","qualifiedName":"Api.Api.SIGNOUT","href":"request_Api/Api/SIGNOUT-constant.html","type":"constant","overriddenDepth":0,"packageName":"testing_app","enclosedBy":{"name":"Api","type":"class"}},{"name":"SYNC","qualifiedName":"Api.Api.SYNC","href":"request_Api/Api/SYNC-constant.html","type":"constant","overriddenDepth":0,"packageName":"testing_app","enclosedBy":{"name":"Api","type":"class"}},{"name":"MerchantsModel","qualifiedName":"MerchantsModel","href":"model_MerchantsModel/model_MerchantsModel-library.html","type":"library","overriddenDepth":0,"packageName":"testing_app"},{"name":"MerchantData","qualifiedName":"MerchantsModel.MerchantData","href":"model_MerchantsModel/MerchantData-class.html","type":"class","overriddenDepth":0,"packageName":"testing_app","enclosedBy":{"name":"MerchantsModel","type":"library"}},{"name":"address","qualifiedName":"MerchantsModel.MerchantData.address","href":"model_MerchantsModel/MerchantData/address.html","type":"property","overriddenDepth":0,"packageName":"testing_app","enclosedBy":{"name":"MerchantData","type":"class"}},{"name":"category","qualifiedName":"MerchantsModel.MerchantData.category","href":"model_MerchantsModel/MerchantData/category.html","type":"property","overriddenDepth":0,"packageName":"testing_app","enclosedBy":{"name":"MerchantData","type":"class"}},{"name":"MerchantData.fromJson","qualifiedName":"MerchantsModel.MerchantData.fromJson","href":"model_MerchantsModel/MerchantData/MerchantData.fromJson.html","type":"constructor","overriddenDepth":0,"packageName":"testing_app","enclosedBy":{"name":"MerchantData","type":"class"}},{"name":"MerchantData.fromParams","qualifiedName":"MerchantsModel.MerchantData.fromParams","href":"model_MerchantsModel/MerchantData/MerchantData.fromParams.html","type":"constructor","overriddenDepth":0,"packageName":"testing_app","enclosedBy":{"name":"MerchantData","type":"class"}},{"name":"name","qualifiedName":"MerchantsModel.MerchantData.name","href":"model_MerchantsModel/MerchantData/name.html","type":"property","overriddenDepth":0,"packageName":"testing_app","enclosedBy":{"name":"MerchantData","type":"class"}},{"name":"postalCode","qualifiedName":"MerchantsModel.MerchantData.postalCode","href":"model_MerchantsModel/MerchantData/postalCode.html","type":"property","overriddenDepth":0,"packageName":"testing_app","enclosedBy":{"name":"MerchantData","type":"class"}},{"name":"toString","qualifiedName":"MerchantsModel.MerchantData.toString","href":"model_MerchantsModel/MerchantData/toString.html","type":"method","overriddenDepth":1,"packageName":"testing_app","enclosedBy":{"name":"MerchantData","type":"class"}},{"name":"totalExpense","qualifiedName":"MerchantsModel.MerchantData.totalExpense","href":"model_MerchantsModel/MerchantData/totalExpense.html","type":"property","overriddenDepth":0,"packageName":"testing_app","enclosedBy":{"name":"MerchantData","type":"class"}},{"name":"MerchantsModel","qualifiedName":"MerchantsModel.MerchantsModel","href":"model_MerchantsModel/MerchantsModel-class.html","type":"class","overriddenDepth":0,"packageName":"testing_app","enclosedBy":{"name":"MerchantsModel","type":"library"}},{"name":"data","qualifiedName":"MerchantsModel.MerchantsModel.data","href":"model_MerchantsModel/MerchantsModel/data.html","type":"property","overriddenDepth":0,"packageName":"testing_app","enclosedBy":{"name":"MerchantsModel","type":"class"}},{"name":"errorCode","qualifiedName":"MerchantsModel.MerchantsModel.errorCode","href":"model_MerchantsModel/MerchantsModel/errorCode.html","type":"property","overriddenDepth":0,"packageName":"testing_app","enclosedBy":{"name":"MerchantsModel","type":"class"}},{"name":"errorMsg","qualifiedName":"MerchantsModel.MerchantsModel.errorMsg","href":"model_MerchantsModel/MerchantsModel/errorMsg.html","type":"property","overriddenDepth":0,"packageName":"testing_app","enclosedBy":{"name":"MerchantsModel","type":"class"}},{"name":"MerchantsModel.fromJson","qualifiedName":"MerchantsModel.MerchantsModel.fromJson","href":"model_MerchantsModel/MerchantsModel/MerchantsModel.fromJson.html","type":"constructor","overriddenDepth":0,"packageName":"testing_app","enclosedBy":{"name":"MerchantsModel","type":"class"}},{"name":"MerchantsModel.fromParams","qualifiedName":"MerchantsModel.MerchantsModel.fromParams","href":"model_MerchantsModel/MerchantsModel/MerchantsModel.fromParams.html","type":"constructor","overriddenDepth":0,"packageName":"testing_app","enclosedBy":{"name":"MerchantsModel","type":"class"}},{"name":"toString","qualifiedName":"MerchantsModel.MerchantsModel.toString","href":"model_MerchantsModel/MerchantsModel/toString.html","type":"method","overriddenDepth":1,"packageName":"testing_app","enclosedBy":{"name":"MerchantsModel","type":"class"}},{"name":"main","qualifiedName":"MerchantsModel.main","href":"model_MerchantsModel/main.html","type":"function","overriddenDepth":0,"packageName":"testing_app","enclosedBy":{"name":"MerchantsModel","type":"library"}},{"name":"MerchantsRequest","qualifiedName":"MerchantsRequest","href":"request_MerchantsRequest/request_MerchantsRequest-library.html","type":"library","overriddenDepth":0,"packageName":"testing_app"},{"name":"makeMerchantsRequest","qualifiedName":"MerchantsRequest.makeMerchantsRequest","href":"request_MerchantsRequest/makeMerchantsRequest.html","type":"function","overriddenDepth":0,"packageName":"testing_app","enclosedBy":{"name":"MerchantsRequest","type":"library"}},{"name":"ReceiptModel","qualifiedName":"ReceiptModel","href":"model_ReceiptModel/model_ReceiptModel-library.html","type":"library","overriddenDepth":0,"packageName":"testing_app"},{"name":"ReceiptData","qualifiedName":"ReceiptModel.ReceiptData","href":"model_ReceiptModel/ReceiptData-class.html","type":"class","overriddenDepth":0,"packageName":"testing_app","enclosedBy":{"name":"ReceiptModel","type":"library"}},{"name":"category","qualifiedName":"ReceiptModel.ReceiptData.category","href":"model_ReceiptModel/ReceiptData/category.html","type":"property","overriddenDepth":0,"packageName":"testing_app","enclosedBy":{"name":"ReceiptData","type":"class"}},{"name":"content","qualifiedName":"ReceiptModel.ReceiptData.content","href":"model_ReceiptModel/ReceiptData/content.html","type":"property","overriddenDepth":0,"packageName":"testing_app","enclosedBy":{"name":"ReceiptData","type":"class"}},{"name":"dateTime","qualifiedName":"ReceiptModel.ReceiptData.dateTime","href":"model_ReceiptModel/ReceiptData/dateTime.html","type":"property","overriddenDepth":0,"packageName":"testing_app","enclosedBy":{"name":"ReceiptData","type":"class"}},{"name":"ReceiptData.fromJson","qualifiedName":"ReceiptModel.ReceiptData.fromJson","href":"model_ReceiptModel/ReceiptData/ReceiptData.fromJson.html","type":"constructor","overriddenDepth":0,"packageName":"testing_app","enclosedBy":{"name":"ReceiptData","type":"class"}},{"name":"ReceiptData.fromParams","qualifiedName":"ReceiptModel.ReceiptData.fromParams","href":"model_ReceiptModel/ReceiptData/ReceiptData.fromParams.html","type":"constructor","overriddenDepth":0,"packageName":"testing_app","enclosedBy":{"name":"ReceiptData","type":"class"}},{"name":"id","qualifiedName":"ReceiptModel.ReceiptData.id","href":"model_ReceiptModel/ReceiptData/id.html","type":"property","overriddenDepth":0,"packageName":"testing_app","enclosedBy":{"name":"ReceiptData","type":"class"}},{"name":"index","qualifiedName":"ReceiptModel.ReceiptData.index","href":"model_ReceiptModel/ReceiptData/index.html","type":"property","overriddenDepth":0,"packageName":"testing_app","enclosedBy":{"name":"ReceiptData","type":"class"}},{"name":"merchant","qualifiedName":"ReceiptModel.ReceiptData.merchant","href":"model_ReceiptModel/ReceiptData/merchant.html","type":"property","overriddenDepth":0,"packageName":"testing_app","enclosedBy":{"name":"ReceiptData","type":"class"}},{"name":"toString","qualifiedName":"ReceiptModel.ReceiptData.toString","href":"model_ReceiptModel/ReceiptData/toString.html","type":"method","overriddenDepth":1,"packageName":"testing_app","enclosedBy":{"name":"ReceiptData","type":"class"}},{"name":"totalPrice","qualifiedName":"ReceiptModel.ReceiptData.totalPrice","href":"model_ReceiptModel/ReceiptData/totalPrice.html","type":"property","overriddenDepth":0,"packageName":"testing_app","enclosedBy":{"name":"ReceiptData","type":"class"}},{"name":"ReceiptsModel","qualifiedName":"ReceiptModel.ReceiptsModel","href":"model_ReceiptModel/ReceiptsModel-class.html","type":"class","overriddenDepth":0,"packageName":"testing_app","enclosedBy":{"name":"ReceiptModel","type":"library"}},{"name":"data","qualifiedName":"ReceiptModel.ReceiptsModel.data","href":"model_ReceiptModel/ReceiptsModel/data.html","type":"property","overriddenDepth":0,"packageName":"testing_app","enclosedBy":{"name":"ReceiptsModel","type":"class"}},{"name":"errorCode","qualifiedName":"ReceiptModel.ReceiptsModel.errorCode","href":"model_ReceiptModel/ReceiptsModel/errorCode.html","type":"property","overriddenDepth":0,"packageName":"testing_app","enclosedBy":{"name":"ReceiptsModel","type":"class"}},{"name":"errorMsg","qualifiedName":"ReceiptModel.ReceiptsModel.errorMsg","href":"model_ReceiptModel/ReceiptsModel/errorMsg.html","type":"property","overriddenDepth":0,"packageName":"testing_app","enclosedBy":{"name":"ReceiptsModel","type":"class"}},{"name":"ReceiptsModel.fromJson","qualifiedName":"ReceiptModel.ReceiptsModel.fromJson","href":"model_ReceiptModel/ReceiptsModel/ReceiptsModel.fromJson.html","type":"constructor","overriddenDepth":0,"packageName":"testing_app","enclosedBy":{"name":"ReceiptsModel","type":"class"}},{"name":"ReceiptsModel.fromParams","qualifiedName":"ReceiptModel.ReceiptsModel.fromParams","href":"model_ReceiptModel/ReceiptsModel/ReceiptsModel.fromParams.html","type":"constructor","overriddenDepth":0,"packageName":"testing_app","enclosedBy":{"name":"ReceiptsModel","type":"class"}},{"name":"toString","qualifiedName":"ReceiptModel.ReceiptsModel.toString","href":"model_ReceiptModel/ReceiptsModel/toString.html","type":"method","overriddenDepth":1,"packageName":"testing_app","enclosedBy":{"name":"ReceiptsModel","type":"class"}},{"name":"SearchFilter","qualifiedName":"ReceiptModel.SearchFilter","href":"model_ReceiptModel/SearchFilter-class.html","type":"class","overriddenDepth":0,"packageName":"testing_app","enclosedBy":{"name":"ReceiptModel","type":"library"}},{"name":"category","qualifiedName":"ReceiptModel.SearchFilter.category","href":"model_ReceiptModel/SearchFilter/category.html","type":"property","overriddenDepth":0,"packageName":"testing_app","enclosedBy":{"name":"SearchFilter","type":"class"}},{"name":"content","qualifiedName":"ReceiptModel.SearchFilter.content","href":"model_ReceiptModel/SearchFilter/content.html","type":"property","overriddenDepth":0,"packageName":"testing_app","enclosedBy":{"name":"SearchFilter","type":"class"}},{"name":"endDate","qualifiedName":"ReceiptModel.SearchFilter.endDate","href":"model_ReceiptModel/SearchFilter/endDate.html","type":"property","overriddenDepth":0,"packageName":"testing_app","enclosedBy":{"name":"SearchFilter","type":"class"}},{"name":"SearchFilter.fromJson","qualifiedName":"ReceiptModel.SearchFilter.fromJson","href":"model_ReceiptModel/SearchFilter/SearchFilter.fromJson.html","type":"constructor","overriddenDepth":0,"packageName":"testing_app","enclosedBy":{"name":"SearchFilter","type":"class"}},{"name":"SearchFilter.fromParams","qualifiedName":"ReceiptModel.SearchFilter.fromParams","href":"model_ReceiptModel/SearchFilter/SearchFilter.fromParams.html","type":"constructor","overriddenDepth":0,"packageName":"testing_app","enclosedBy":{"name":"SearchFilter","type":"class"}},{"name":"priceLower","qualifiedName":"ReceiptModel.SearchFilter.priceLower","href":"model_ReceiptModel/SearchFilter/priceLower.html","type":"property","overriddenDepth":0,"packageName":"testing_app","enclosedBy":{"name":"SearchFilter","type":"class"}},{"name":"priceUpper","qualifiedName":"ReceiptModel.SearchFilter.priceUpper","href":"model_ReceiptModel/SearchFilter/priceUpper.html","type":"property","overriddenDepth":0,"packageName":"testing_app","enclosedBy":{"name":"SearchFilter","type":"class"}},{"name":"startDate","qualifiedName":"ReceiptModel.SearchFilter.startDate","href":"model_ReceiptModel/SearchFilter/startDate.html","type":"property","overriddenDepth":0,"packageName":"testing_app","enclosedBy":{"name":"SearchFilter","type":"class"}},{"name":"toString","qualifiedName":"ReceiptModel.SearchFilter.toString","href":"model_ReceiptModel/SearchFilter/toString.html","type":"method","overriddenDepth":1,"packageName":"testing_app","enclosedBy":{"name":"SearchFilter","type":"class"}},{"name":"main","qualifiedName":"ReceiptModel.main","href":"model_ReceiptModel/main.html","type":"function","overriddenDepth":0,"packageName":"testing_app","enclosedBy":{"name":"ReceiptModel","type":"library"}},{"name":"ReceiptsRequest","qualifiedName":"ReceiptsRequest","href":"request_ReceiptsRequest/request_ReceiptsRequest-library.html","type":"library","overriddenDepth":0,"packageName":"testing_app"},{"name":"makeDeleteReceiptRequest","qualifiedName":"ReceiptsRequest.makeDeleteReceiptRequest","href":"request_ReceiptsRequest/makeDeleteReceiptRequest.html","type":"function","overriddenDepth":0,"packageName":"testing_app","enclosedBy":{"name":"ReceiptsRequest","type":"library"}},{"name":"makeReceiptsRequest","qualifiedName":"ReceiptsRequest.makeReceiptsRequest","href":"request_ReceiptsRequest/makeReceiptsRequest.html","type":"function","overriddenDepth":0,"packageName":"testing_app","enclosedBy":{"name":"ReceiptsRequest","type":"library"}},{"name":"makeSyncRequest","qualifiedName":"ReceiptsRequest.makeSyncRequest","href":"request_ReceiptsRequest/makeSyncRequest.html","type":"function","overriddenDepth":0,"packageName":"testing_app","enclosedBy":{"name":"ReceiptsRequest","type":"library"}},{"name":"ReportModel","qualifiedName":"ReportModel","href":"model_ReportModel/model_ReportModel-library.html","type":"library","overriddenDepth":0,"packageName":"testing_app"},{"name":"ReportData","qualifiedName":"ReportModel.ReportData","href":"model_ReportModel/ReportData-class.html","type":"class","overriddenDepth":0,"packageName":"testing_app","enclosedBy":{"name":"ReportModel","type":"library"}},{"name":"categoricalExpenses","qualifiedName":"ReportModel.ReportData.categoricalExpenses","href":"model_ReportModel/ReportData/categoricalExpenses.html","type":"property","overriddenDepth":0,"packageName":"testing_app","enclosedBy":{"name":"ReportData","type":"class"}},{"name":"ReportData.fromJson","qualifiedName":"ReportModel.ReportData.fromJson","href":"model_ReportModel/ReportData/ReportData.fromJson.html","type":"constructor","overriddenDepth":0,"packageName":"testing_app","enclosedBy":{"name":"ReportData","type":"class"}},{"name":"ReportData.fromParams","qualifiedName":"ReportModel.ReportData.fromParams","href":"model_ReportModel/ReportData/ReportData.fromParams.html","type":"constructor","overriddenDepth":0,"packageName":"testing_app","enclosedBy":{"name":"ReportData","type":"class"}},{"name":"toString","qualifiedName":"ReportModel.ReportData.toString","href":"model_ReportModel/ReportData/toString.html","type":"method","overriddenDepth":1,"packageName":"testing_app","enclosedBy":{"name":"ReportData","type":"class"}},{"name":"topReceipts","qualifiedName":"ReportModel.ReportData.topReceipts","href":"model_ReportModel/ReportData/topReceipts.html","type":"property","overriddenDepth":0,"packageName":"testing_app","enclosedBy":{"name":"ReportData","type":"class"}},{"name":"totalExpenditure","qualifiedName":"ReportModel.ReportData.totalExpenditure","href":"model_ReportModel/ReportData/totalExpenditure.html","type":"property","overriddenDepth":0,"packageName":"testing_app","enclosedBy":{"name":"ReportData","type":"class"}},{"name":"unitExpenses","qualifiedName":"ReportModel.ReportData.unitExpenses","href":"model_ReportModel/ReportData/unitExpenses.html","type":"property","overriddenDepth":0,"packageName":"testing_app","enclosedBy":{"name":"ReportData","type":"class"}},{"name":"ReportModel","qualifiedName":"ReportModel.ReportModel","href":"model_ReportModel/ReportModel-class.html","type":"class","overriddenDepth":0,"packageName":"testing_app","enclosedBy":{"name":"ReportModel","type":"library"}},{"name":"ReportModel","qualifiedName":"ReportModel.ReportModel.ReportModel","href":"model_ReportModel/ReportModel/ReportModel.html","type":"constructor","overriddenDepth":0,"packageName":"testing_app","enclosedBy":{"name":"ReportModel","type":"class"}},{"name":"data","qualifiedName":"ReportModel.ReportModel.data","href":"model_ReportModel/ReportModel/data.html","type":"property","overriddenDepth":0,"packageName":"testing_app","enclosedBy":{"name":"ReportModel","type":"class"}},{"name":"errorCode","qualifiedName":"ReportModel.ReportModel.errorCode","href":"model_ReportModel/ReportModel/errorCode.html","type":"property","overriddenDepth":0,"packageName":"testing_app","enclosedBy":{"name":"ReportModel","type":"class"}},{"name":"errorMsg","qualifiedName":"ReportModel.ReportModel.errorMsg","href":"model_ReportModel/ReportModel/errorMsg.html","type":"property","overriddenDepth":0,"packageName":"testing_app","enclosedBy":{"name":"ReportModel","type":"class"}},{"name":"ReportModel.fromJson","qualifiedName":"ReportModel.ReportModel.fromJson","href":"model_ReportModel/ReportModel/ReportModel.fromJson.html","type":"constructor","overriddenDepth":0,"packageName":"testing_app","enclosedBy":{"name":"ReportModel","type":"class"}},{"name":"ReportModel.fromParams","qualifiedName":"ReportModel.ReportModel.fromParams","href":"model_ReportModel/ReportModel/ReportModel.fromParams.html","type":"constructor","overriddenDepth":0,"packageName":"testing_app","enclosedBy":{"name":"ReportModel","type":"class"}},{"name":"toString","qualifiedName":"ReportModel.ReportModel.toString","href":"model_ReportModel/ReportModel/toString.html","type":"method","overriddenDepth":1,"packageName":"testing_app","enclosedBy":{"name":"ReportModel","type":"class"}},{"name":"main","qualifiedName":"ReportModel.main","href":"model_ReportModel/main.html","type":"function","overriddenDepth":0,"packageName":"testing_app","enclosedBy":{"name":"ReportModel","type":"library"}},{"name":"ReportsRequest","qualifiedName":"ReportsRequest","href":"request_ReportsRequest/request_ReportsRequest-library.html","type":"library","overriddenDepth":0,"packageName":"testing_app"},{"name":"makeGetMonthReportModelRequest","qualifiedName":"ReportsRequest.makeGetMonthReportModelRequest","href":"request_ReportsRequest/makeGetMonthReportModelRequest.html","type":"function","overriddenDepth":0,"packageName":"testing_app","enclosedBy":{"name":"ReportsRequest","type":"library"}},{"name":"makeGetYearReportModelRequest","qualifiedName":"ReportsRequest.makeGetYearReportModelRequest","href":"request_ReportsRequest/makeGetYearReportModelRequest.html","type":"function","overriddenDepth":0,"packageName":"testing_app","enclosedBy":{"name":"ReportsRequest","type":"library"}},{"name":"UserModel","qualifiedName":"UserModel","href":"model_UserModel/model_UserModel-library.html","type":"library","overriddenDepth":0,"packageName":"testing_app"},{"name":"UserData","qualifiedName":"UserModel.UserData","href":"model_UserModel/UserData-class.html","type":"class","overriddenDepth":0,"packageName":"testing_app","enclosedBy":{"name":"UserModel","type":"library"}},{"name":"email","qualifiedName":"UserModel.UserData.email","href":"model_UserModel/UserData/email.html","type":"property","overriddenDepth":0,"packageName":"testing_app","enclosedBy":{"name":"UserData","type":"class"}},{"name":"UserData.fromJson","qualifiedName":"UserModel.UserData.fromJson","href":"model_UserModel/UserData/UserData.fromJson.html","type":"constructor","overriddenDepth":0,"packageName":"testing_app","enclosedBy":{"name":"UserData","type":"class"}},{"name":"UserData.fromParams","qualifiedName":"UserModel.UserData.fromParams","href":"model_UserModel/UserData/UserData.fromParams.html","type":"constructor","overriddenDepth":0,"packageName":"testing_app","enclosedBy":{"name":"UserData","type":"class"}},{"name":"id","qualifiedName":"UserModel.UserData.id","href":"model_UserModel/UserData/id.html","type":"property","overriddenDepth":0,"packageName":"testing_app","enclosedBy":{"name":"UserData","type":"class"}},{"name":"password","qualifiedName":"UserModel.UserData.password","href":"model_UserModel/UserData/password.html","type":"property","overriddenDepth":0,"packageName":"testing_app","enclosedBy":{"name":"UserData","type":"class"}},{"name":"phoneno","qualifiedName":"UserModel.UserData.phoneno","href":"model_UserModel/UserData/phoneno.html","type":"property","overriddenDepth":0,"packageName":"testing_app","enclosedBy":{"name":"UserData","type":"class"}},{"name":"toString","qualifiedName":"UserModel.UserData.toString","href":"model_UserModel/UserData/toString.html","type":"method","overriddenDepth":1,"packageName":"testing_app","enclosedBy":{"name":"UserData","type":"class"}},{"name":"username","qualifiedName":"UserModel.UserData.username","href":"model_UserModel/UserData/username.html","type":"property","overriddenDepth":0,"packageName":"testing_app","enclosedBy":{"name":"UserData","type":"class"}},{"name":"UserModel","qualifiedName":"UserModel.UserModel","href":"model_UserModel/UserModel-class.html","type":"class","overriddenDepth":0,"packageName":"testing_app","enclosedBy":{"name":"UserModel","type":"library"}},{"name":"data","qualifiedName":"UserModel.UserModel.data","href":"model_UserModel/UserModel/data.html","type":"property","overriddenDepth":0,"packageName":"testing_app","enclosedBy":{"name":"UserModel","type":"class"}},{"name":"errorCode","qualifiedName":"UserModel.UserModel.errorCode","href":"model_UserModel/UserModel/errorCode.html","type":"property","overriddenDepth":0,"packageName":"testing_app","enclosedBy":{"name":"UserModel","type":"class"}},{"name":"errorMsg","qualifiedName":"UserModel.UserModel.errorMsg","href":"model_UserModel/UserModel/errorMsg.html","type":"property","overriddenDepth":0,"packageName":"testing_app","enclosedBy":{"name":"UserModel","type":"class"}},{"name":"UserModel.fromJson","qualifiedName":"UserModel.UserModel.fromJson","href":"model_UserModel/UserModel/UserModel.fromJson.html","type":"constructor","overriddenDepth":0,"packageName":"testing_app","enclosedBy":{"name":"UserModel","type":"class"}},{"name":"UserModel.fromParams","qualifiedName":"UserModel.UserModel.fromParams","href":"model_UserModel/UserModel/UserModel.fromParams.html","type":"constructor","overriddenDepth":0,"packageName":"testing_app","enclosedBy":{"name":"UserModel","type":"class"}},{"name":"toString","qualifiedName":"UserModel.UserModel.toString","href":"model_UserModel/UserModel/toString.html","type":"method","overriddenDepth":1,"packageName":"testing_app","enclosedBy":{"name":"UserModel","type":"class"}},{"name":"main","qualifiedName":"UserModel.main","href":"model_UserModel/main.html","type":"function","overriddenDepth":0,"packageName":"testing_app","enclosedBy":{"name":"UserModel","type":"library"}},{"name":"UserRequest","qualifiedName":"UserRequest","href":"request_UserRequest/request_UserRequest-library.html","type":"library","overriddenDepth":0,"packageName":"testing_app"},{"name":"checkEmailRequest","qualifiedName":"UserRequest.checkEmailRequest","href":"request_UserRequest/checkEmailRequest.html","type":"function","overriddenDepth":0,"packageName":"testing_app","enclosedBy":{"name":"UserRequest","type":"library"}},{"name":"headers","qualifiedName":"UserRequest.headers","href":"request_UserRequest/headers-constant.html","type":"top-level constant","overriddenDepth":0,"packageName":"testing_app","enclosedBy":{"name":"UserRequest","type":"library"}},{"name":"makeLoginRequest","qualifiedName":"UserRequest.makeLoginRequest","href":"request_UserRequest/makeLoginRequest.html","type":"function","overriddenDepth":0,"packageName":"testing_app","enclosedBy":{"name":"UserRequest","type":"library"}},{"name":"makeRegisterRequest","qualifiedName":"UserRequest.makeRegisterRequest","href":"request_UserRequest/makeRegisterRequest.html","type":"function","overriddenDepth":0,"packageName":"testing_app","enclosedBy":{"name":"UserRequest","type":"library"}},{"name":"makeSignOutRequest","qualifiedName":"UserRequest.makeSignOutRequest","href":"request_UserRequest/makeSignOutRequest.html","type":"function","overriddenDepth":0,"packageName":"testing_app","enclosedBy":{"name":"UserRequest","type":"library"}},{"name":"main","qualifiedName":"main","href":"main/main-library.html","type":"library","overriddenDepth":0,"packageName":"testing_app"},{"name":"BodyWidget","qualifiedName":"main.BodyWidget","href":"main/BodyWidget-class.html","type":"class","overriddenDepth":0,"packageName":"testing_app","enclosedBy":{"name":"main","type":"library"}},{"name":"BodyWidget","qualifiedName":"main.BodyWidget.BodyWidget","href":"main/BodyWidget/BodyWidget.html","type":"constructor","overriddenDepth":0,"packageName":"testing_app","enclosedBy":{"name":"BodyWidget","type":"class"}},{"name":"build","qualifiedName":"main.BodyWidget.build","href":"main/BodyWidget/build.html","type":"method","overriddenDepth":1,"packageName":"testing_app","enclosedBy":{"name":"BodyWidget","type":"class"}},{"name":"headers","qualifiedName":"main.BodyWidget.headers","href":"main/BodyWidget/headers-constant.html","type":"constant","overriddenDepth":0,"packageName":"testing_app","enclosedBy":{"name":"BodyWidget","type":"class"}},{"name":"Fruit","qualifiedName":"main.Fruit","href":"main/Fruit-class.html","type":"class","overriddenDepth":0,"packageName":"testing_app","enclosedBy":{"name":"main","type":"library"}},{"name":"Fruit","qualifiedName":"main.Fruit.Fruit","href":"main/Fruit/Fruit.html","type":"constructor","overriddenDepth":0,"packageName":"testing_app","enclosedBy":{"name":"Fruit","type":"class"}},{"name":"color","qualifiedName":"main.Fruit.color","href":"main/Fruit/color.html","type":"property","overriddenDepth":0,"packageName":"testing_app","enclosedBy":{"name":"Fruit","type":"class"}},{"name":"Fruit.fromJson","qualifiedName":"main.Fruit.fromJson","href":"main/Fruit/Fruit.fromJson.html","type":"constructor","overriddenDepth":0,"packageName":"testing_app","enclosedBy":{"name":"Fruit","type":"class"}},{"name":"fruit","qualifiedName":"main.Fruit.fruit","href":"main/Fruit/fruit.html","type":"property","overriddenDepth":0,"packageName":"testing_app","enclosedBy":{"name":"Fruit","type":"class"}},{"name":"id","qualifiedName":"main.Fruit.id","href":"main/Fruit/id.html","type":"property","overriddenDepth":0,"packageName":"testing_app","enclosedBy":{"name":"Fruit","type":"class"}},{"name":"toJson","qualifiedName":"main.Fruit.toJson","href":"main/Fruit/toJson.html","type":"method","overriddenDepth":0,"packageName":"testing_app","enclosedBy":{"name":"Fruit","type":"class"}},{"name":"MyApp","qualifiedName":"main.MyApp","href":"main/MyApp-class.html","type":"class","overriddenDepth":0,"packageName":"testing_app","enclosedBy":{"name":"main","type":"library"}},{"name":"MyApp","qualifiedName":"main.MyApp.MyApp","href":"main/MyApp/MyApp.html","type":"constructor","overriddenDepth":0,"packageName":"testing_app","enclosedBy":{"name":"MyApp","type":"class"}},{"name":"build","qualifiedName":"main.MyApp.build","href":"main/MyApp/build.html","type":"method","overriddenDepth":1,"packageName":"testing_app","enclosedBy":{"name":"MyApp","type":"class"}},{"name":"main","qualifiedName":"main.main","href":"main/main.html","type":"function","overriddenDepth":0,"packageName":"testing_app","enclosedBy":{"name":"main","type":"library"}},{"name":"main2","qualifiedName":"main2","href":"main2/main2-library.html","type":"library","overriddenDepth":0,"packageName":"testing_app"},{"name":"BodyWidget","qualifiedName":"main2.BodyWidget","href":"main2/BodyWidget-class.html","type":"class","overriddenDepth":0,"packageName":"testing_app","enclosedBy":{"name":"main2","type":"library"}},{"name":"BodyWidget","qualifiedName":"main2.BodyWidget.BodyWidget","href":"main2/BodyWidget/BodyWidget.html","type":"constructor","overriddenDepth":0,"packageName":"testing_app","enclosedBy":{"name":"BodyWidget","type":"class"}},{"name":"build","qualifiedName":"main2.BodyWidget.build","href":"main2/BodyWidget/build.html","type":"method","overriddenDepth":1,"packageName":"testing_app","enclosedBy":{"name":"BodyWidget","type":"class"}},{"name":"headers","qualifiedName":"main2.BodyWidget.headers","href":"main2/BodyWidget/headers.html","type":"property","overriddenDepth":0,"packageName":"testing_app","enclosedBy":{"name":"BodyWidget","type":"class"}},{"name":"MyApp","qualifiedName":"main2.MyApp","href":"main2/MyApp-class.html","type":"class","overriddenDepth":0,"packageName":"testing_app","enclosedBy":{"name":"main2","type":"library"}},{"name":"MyApp","qualifiedName":"main2.MyApp.MyApp","href":"main2/MyApp/MyApp.html","type":"constructor","overriddenDepth":0,"packageName":"testing_app","enclosedBy":{"name":"MyApp","type":"class"}},{"name":"build","qualifiedName":"main2.MyApp.build","href":"main2/MyApp/build.html","type":"method","overriddenDepth":1,"packageName":"testing_app","enclosedBy":{"name":"MyApp","type":"class"}},{"name":"main","qualifiedName":"main2.main","href":"main2/main.html","type":"function","overriddenDepth":0,"packageName":"testing_app","enclosedBy":{"name":"main2","type":"library"}},{"name":"model_utils","qualifiedName":"model_utils","href":"model_model_utils/model_model_utils-library.html","type":"library","overriddenDepth":0,"packageName":"testing_app"},{"name":"request_utils","qualifiedName":"request_utils","href":"request_utils/request_utils-library.html","type":"library","overriddenDepth":0,"packageName":"testing_app"}]
